n,cenario,repeticoes,mediana_s,min_s,max_s
500,nested_loop,5,0.00339373999986492,0.0032398200000898214,0.0036642339996433293
500,hash_completo,5,9.184300006381818e-05,8.91700001375284e-05,9.637299990572501e-05
500,hash_indice_pronto,5,6.430400026147254e-05,6.290500004979549e-05,6.612299966946011e-05
500,sort_merge_completo,5,0.0002592659998299496,0.000230141999963962,0.00030281099998319405
500,sort_merge_ja_ordenado,5,9.91069996416627e-05,9.098000009544194e-05,0.00021633300002577016
1000,nested_loop,5,0.014271922999796516,0.013638228999752755,0.015717456999936985
1000,hash_completo,5,0.00015725499997643055,0.00015506699992329231,0.0001862770000116143
1000,hash_indice_pronto,5,0.00011997499996141414,0.00011920099996132194,0.00022601299997404567
1000,sort_merge_completo,5,0.000537840000106371,0.0004530549999799405,0.0037236759999359492
1000,sort_merge_ja_ordenado,5,0.0002130049997504102,0.00017440999999962514,0.0002735450002546713
2500,nested_loop,5,0.0937709720001294,0.08994329699999071,0.09818184000005203
2500,hash_completo,5,0.0004311130001042329,0.0003987119998782873,0.0007927000001473061
2500,hash_indice_pronto,5,0.000472018999971624,0.0003636989999904472,0.0005641490001835336
2500,sort_merge_completo,5,0.0013498799999069888,0.0013251420000415237,0.0014314059999378514
2500,sort_merge_ja_ordenado,5,0.0005973590000394324,0.0005553229998440656,0.0006861140000182786
5000,nested_loop,5,0.38952572000016517,0.3809271620002619,0.451716647000012
5000,hash_completo,5,0.0009615430003577785,0.0008592819999648782,0.0013884299996789196
5000,hash_indice_pronto,5,0.0013055790000180423,0.0009731980003380158,0.0013489130001289595
5000,sort_merge_completo,5,0.0030636360002063157,0.0027574060000006284,0.0034154879999732657
5000,sort_merge_ja_ordenado,5,0.00139908099981767,0.0013703869999517337,0.002563006999935169
10000,nested_loop,5,1.5589551419998315,1.5458168240002124,1.5691094310000153
10000,hash_completo,5,0.002316127000085544,0.0017848120000962808,0.004383478999898216
10000,hash_indice_pronto,5,0.001968920999843249,0.0017880210002658714,0.002316438000434573
10000,sort_merge_completo,5,0.006880385999920691,0.006290581000030215,0.011163849999775266
10000,sort_merge_ja_ordenado,5,0.002894807000302535,0.002719938999689475,0.0029341069998736202
